run,label,step,tool_call_count_mean,reward_mean
current_sft_final_only,"current SFT init, final-only reward",1,2.3515625,0.482421875
current_sft_final_only,"current SFT init, final-only reward",2,3.5859375,0.41015625
current_sft_final_only,"current SFT init, final-only reward",3,3.646484375,0.46875
current_sft_final_only,"current SFT init, final-only reward",4,4.212890625,0.408203125
current_sft_final_only,"current SFT init, final-only reward",5,3.880859375,0.458984375
current_sft_final_only,"current SFT init, final-only reward",6,4.26171875,0.453125
current_sft_final_only,"current SFT init, final-only reward",7,4.154296875,0.443359375
current_sft_final_only,"current SFT init, final-only reward",8,4.05859375,0.451171875
current_sft_final_only,"current SFT init, final-only reward",9,4.8046875,0.419921875
current_sft_final_only,"current SFT init, final-only reward",10,3.560546875,0.443359375
current_sft_final_only,"current SFT init, final-only reward",11,3.966796875,0.46484375
current_sft_final_only,"current SFT init, final-only reward",12,3.525390625,0.455078125
current_sft_final_only,"current SFT init, final-only reward",13,4.462890625,0.3984375
current_sft_final_only,"current SFT init, final-only reward",14,3.177734375,0.423828125
current_sft_final_only,"current SFT init, final-only reward",15,3.501953125,0.376953125
current_sft_final_only,"current SFT init, final-only reward",16,2.671875,0.482421875
current_sft_final_only,"current SFT init, final-only reward",17,4.734375,0.37890625
current_sft_final_only,"current SFT init, final-only reward",18,4.26171875,0.421875
current_sft_final_only,"current SFT init, final-only reward",19,2.884765625,0.517578125
base_final_sentence_0529,"base init, final-sentence prompt, no-exceed mask off",1,2.177734375,0.462890625
base_final_sentence_0529,"base init, final-sentence prompt, no-exceed mask off",2,1.943359375,0.43359375
base_final_sentence_0529,"base init, final-sentence prompt, no-exceed mask off",3,1.88671875,0.486328125
base_final_sentence_0529,"base init, final-sentence prompt, no-exceed mask off",4,2.15234375,0.4453125
base_final_sentence_0529,"base init, final-sentence prompt, no-exceed mask off",5,2.11328125,0.484375
base_final_sentence_0529,"base init, final-sentence prompt, no-exceed mask off",6,2.138671875,0.44140625
base_final_sentence_0529,"base init, final-sentence prompt, no-exceed mask off",7,2.060546875,0.44921875
base_final_sentence_0529,"base init, final-sentence prompt, no-exceed mask off",8,2.16015625,0.50390625
base_final_sentence_0529,"base init, final-sentence prompt, no-exceed mask off",9,2.26171875,0.419921875
base_final_sentence_0529,"base init, final-sentence prompt, no-exceed mask off",10,2.017578125,0.4921875
base_final_sentence_0529,"base init, final-sentence prompt, no-exceed mask off",11,2.119140625,0.46875
base_final_sentence_0529,"base init, final-sentence prompt, no-exceed mask off",12,2.255859375,0.45703125
base_final_sentence_0529,"base init, final-sentence prompt, no-exceed mask off",13,2.0859375,0.443359375
base_final_sentence_0529,"base init, final-sentence prompt, no-exceed mask off",14,2.17578125,0.490234375
base_final_sentence_0529,"base init, final-sentence prompt, no-exceed mask off",15,1.99609375,0.392578125
base_final_sentence_0529,"base init, final-sentence prompt, no-exceed mask off",16,1.98046875,0.421875
base_final_sentence_0529,"base init, final-sentence prompt, no-exceed mask off",17,1.9921875,0.466796875
base_final_sentence_0529,"base init, final-sentence prompt, no-exceed mask off",18,2.103515625,0.46484375
base_final_sentence_0529,"base init, final-sentence prompt, no-exceed mask off",19,2.1953125,0.4375
base_final_sentence_0529,"base init, final-sentence prompt, no-exceed mask off",20,2.19140625,0.505859375
base_final_sentence_0529,"base init, final-sentence prompt, no-exceed mask off",21,1.935546875,0.43359375
base_final_sentence_0529,"base init, final-sentence prompt, no-exceed mask off",22,1.99609375,0.458984375
base_final_sentence_0529,"base init, final-sentence prompt, no-exceed mask off",23,1.80078125,0.53515625
base_final_sentence_0529,"base init, final-sentence prompt, no-exceed mask off",24,2.12109375,0.4765625
base_final_sentence_0529,"base init, final-sentence prompt, no-exceed mask off",25,2.0546875,0.443359375
base_final_sentence_0529,"base init, final-sentence prompt, no-exceed mask off",26,2.203125,0.498046875
base_final_sentence_0529,"base init, final-sentence prompt, no-exceed mask off",27,2.0859375,0.37890625
base_final_sentence_0529,"base init, final-sentence prompt, no-exceed mask off",28,2.57421875,0.42578125
base_final_sentence_0529,"base init, final-sentence prompt, no-exceed mask off",29,2.2109375,0.453125
base_final_sentence_0529,"base init, final-sentence prompt, no-exceed mask off",30,2.474609375,0.482421875
base_final_sentence_0529,"base init, final-sentence prompt, no-exceed mask off",31,2.04296875,0.443359375
base_final_sentence_0529,"base init, final-sentence prompt, no-exceed mask off",32,2.056640625,0.37890625
base_final_sentence_0529,"base init, final-sentence prompt, no-exceed mask off",33,2.240234375,0.466796875
base_final_sentence_0529,"base init, final-sentence prompt, no-exceed mask off",34,2.19921875,0.54296875
base_final_sentence_0529,"base init, final-sentence prompt, no-exceed mask off",35,2.091796875,0.48828125
base_final_sentence_0529,"base init, final-sentence prompt, no-exceed mask off",36,2.130859375,0.486328125
base_final_sentence_0529,"base init, final-sentence prompt, no-exceed mask off",37,2.078125,0.4453125
base_final_sentence_0529,"base init, final-sentence prompt, no-exceed mask off",38,2.048828125,0.498046875
base_final_sentence_0529,"base init, final-sentence prompt, no-exceed mask off",39,1.880859375,0.43359375
base_final_sentence_0529,"base init, final-sentence prompt, no-exceed mask off",40,2.330078125,0.45703125
base_final_sentence_0529,"base init, final-sentence prompt, no-exceed mask off",41,2.173828125,0.51171875
base_final_sentence_0529,"base init, final-sentence prompt, no-exceed mask off",42,2.18359375,0.455078125
base_final_sentence_0529,"base init, final-sentence prompt, no-exceed mask off",43,2.283203125,0.423828125
base_final_sentence_0529,"base init, final-sentence prompt, no-exceed mask off",44,2.263671875,0.4140625
base_final_sentence_0529,"base init, final-sentence prompt, no-exceed mask off",45,2.109375,0.509765625
base_final_sentence_0529,"base init, final-sentence prompt, no-exceed mask off",46,2.1875,0.484375
base_final_sentence_0529,"base init, final-sentence prompt, no-exceed mask off",47,2.177734375,0.39453125
base_final_sentence_0529,"base init, final-sentence prompt, no-exceed mask off",48,2.435546875,0.501953125
base_final_sentence_0529,"base init, final-sentence prompt, no-exceed mask off",49,2.212890625,0.462890625
base_final_sentence_0529,"base init, final-sentence prompt, no-exceed mask off",50,2.37109375,0.4609375
base_final_sentence_0529,"base init, final-sentence prompt, no-exceed mask off",51,2.224609375,0.50390625
base_final_sentence_0529,"base init, final-sentence prompt, no-exceed mask off",52,2.31640625,0.486328125
base_final_sentence_0529,"base init, final-sentence prompt, no-exceed mask off",53,2.234375,0.46875
base_final_sentence_0529,"base init, final-sentence prompt, no-exceed mask off",54,2.44921875,0.45703125
base_final_sentence_0529,"base init, final-sentence prompt, no-exceed mask off",55,2.10546875,0.462890625
base_final_sentence_0529,"base init, final-sentence prompt, no-exceed mask off",56,2.31640625,0.421875
base_final_sentence_0529,"base init, final-sentence prompt, no-exceed mask off",57,2.1640625,0.509765625
base_final_sentence_0529,"base init, final-sentence prompt, no-exceed mask off",58,2.205078125,0.478515625
base_final_sentence_0529,"base init, final-sentence prompt, no-exceed mask off",59,2.28515625,0.4609375
base_final_sentence_0529,"base init, final-sentence prompt, no-exceed mask off",60,2.38671875,0.451171875
base_final_sentence_0529,"base init, final-sentence prompt, no-exceed mask off",61,2.50390625,0.46875
base_final_sentence_0529,"base init, final-sentence prompt, no-exceed mask off",62,2.240234375,0.484375
base_final_sentence_0529,"base init, final-sentence prompt, no-exceed mask off",63,2.30859375,0.42578125
base_final_sentence_0529,"base init, final-sentence prompt, no-exceed mask off",64,2.189453125,0.5078125
base_final_sentence_0529,"base init, final-sentence prompt, no-exceed mask off",65,2.7734375,0.4453125
base_final_sentence_0529,"base init, final-sentence prompt, no-exceed mask off",66,2.484375,0.45703125
base_final_sentence_0529,"base init, final-sentence prompt, no-exceed mask off",67,2.5546875,0.396484375
base_final_sentence_0529,"base init, final-sentence prompt, no-exceed mask off",68,2.515625,0.404296875
base_final_sentence_0529,"base init, final-sentence prompt, no-exceed mask off",69,2.244140625,0.51953125
base_final_sentence_0529,"base init, final-sentence prompt, no-exceed mask off",70,2.62890625,0.400390625
base_final_sentence_0529,"base init, final-sentence prompt, no-exceed mask off",71,2.7109375,0.41015625
base_final_sentence_0529,"base init, final-sentence prompt, no-exceed mask off",72,2.1875,0.478515625
base_final_sentence_0529,"base init, final-sentence prompt, no-exceed mask off",73,2.283203125,0.443359375
base_final_sentence_0529,"base init, final-sentence prompt, no-exceed mask off",74,2.48828125,0.47265625
base_final_sentence_0529,"base init, final-sentence prompt, no-exceed mask off",75,2.41796875,0.44140625
base_final_sentence_0529,"base init, final-sentence prompt, no-exceed mask off",76,2.486328125,0.54296875
base_final_sentence_0529,"base init, final-sentence prompt, no-exceed mask off",77,2.3984375,0.47265625
base_final_sentence_0529,"base init, final-sentence prompt, no-exceed mask off",78,2.328125,0.45703125
base_final_sentence_0529,"base init, final-sentence prompt, no-exceed mask off",79,2.7578125,0.45703125
base_final_sentence_0529,"base init, final-sentence prompt, no-exceed mask off",80,2.6015625,0.447265625
base_final_sentence_0529,"base init, final-sentence prompt, no-exceed mask off",81,2.4921875,0.4609375
base_final_sentence_0529,"base init, final-sentence prompt, no-exceed mask off",82,2.5234375,0.447265625
base_final_sentence_0529,"base init, final-sentence prompt, no-exceed mask off",83,2.478515625,0.4609375
base_final_sentence_0529,"base init, final-sentence prompt, no-exceed mask off",84,2.26953125,0.509765625
base_final_sentence_0529,"base init, final-sentence prompt, no-exceed mask off",85,2.52734375,0.48828125
base_final_sentence_0529,"base init, final-sentence prompt, no-exceed mask off",86,2.369140625,0.455078125
base_final_sentence_0529,"base init, final-sentence prompt, no-exceed mask off",87,2.708984375,0.47265625
base_final_sentence_0529,"base init, final-sentence prompt, no-exceed mask off",88,2.830078125,0.451171875
base_final_sentence_0529,"base init, final-sentence prompt, no-exceed mask off",89,2.958984375,0.443359375
base_final_sentence_0529,"base init, final-sentence prompt, no-exceed mask off",90,3.298828125,0.431640625
base_final_sentence_0529,"base init, final-sentence prompt, no-exceed mask off",91,2.62890625,0.41796875
base_final_sentence_0529,"base init, final-sentence prompt, no-exceed mask off",92,2.51171875,0.412109375
base_final_sentence_0529,"base init, final-sentence prompt, no-exceed mask off",93,2.69921875,0.501953125
base_final_sentence_0529,"base init, final-sentence prompt, no-exceed mask off",94,2.712890625,0.4609375
base_final_sentence_0529,"base init, final-sentence prompt, no-exceed mask off",95,2.748046875,0.412109375
base_final_sentence_0529,"base init, final-sentence prompt, no-exceed mask off",96,3.03125,0.482421875
base_final_sentence_0529,"base init, final-sentence prompt, no-exceed mask off",97,2.78125,0.4375
base_final_sentence_0529,"base init, final-sentence prompt, no-exceed mask off",98,2.73828125,0.509765625
base_final_sentence_0529,"base init, final-sentence prompt, no-exceed mask off",99,2.380859375,0.505859375
base_final_sentence_0529,"base init, final-sentence prompt, no-exceed mask off",100,3.369140625,0.41796875
base_t12_no_exceed_old_extract_0528,"base init, T12 no-exceed, old extraction",1,1.814453125,0.50390625
base_t12_no_exceed_old_extract_0528,"base init, T12 no-exceed, old extraction",2,1.82421875,0.501953125
base_t12_no_exceed_old_extract_0528,"base init, T12 no-exceed, old extraction",3,1.93359375,0.466796875
base_t12_no_exceed_old_extract_0528,"base init, T12 no-exceed, old extraction",4,1.92578125,0.42578125
base_t12_no_exceed_old_extract_0528,"base init, T12 no-exceed, old extraction",5,1.912109375,0.46484375
base_t12_no_exceed_old_extract_0528,"base init, T12 no-exceed, old extraction",6,2.212890625,0.451171875
base_t12_no_exceed_old_extract_0528,"base init, T12 no-exceed, old extraction",7,2.173828125,0.47265625
base_t12_no_exceed_old_extract_0528,"base init, T12 no-exceed, old extraction",8,1.91796875,0.447265625
base_t12_no_exceed_old_extract_0528,"base init, T12 no-exceed, old extraction",9,1.955078125,0.490234375
base_t12_no_exceed_old_extract_0528,"base init, T12 no-exceed, old extraction",10,2.087890625,0.3828125
base_t12_no_exceed_old_extract_0528,"base init, T12 no-exceed, old extraction",11,1.890625,0.46875
base_t12_no_exceed_old_extract_0528,"base init, T12 no-exceed, old extraction",12,1.962890625,0.4296875
base_t12_no_exceed_old_extract_0528,"base init, T12 no-exceed, old extraction",13,2.0234375,0.482421875
base_t12_no_exceed_old_extract_0528,"base init, T12 no-exceed, old extraction",14,2.125,0.416015625
base_t12_no_exceed_old_extract_0528,"base init, T12 no-exceed, old extraction",15,1.828125,0.404296875
base_t12_no_exceed_old_extract_0528,"base init, T12 no-exceed, old extraction",16,1.9140625,0.423828125
base_t12_no_exceed_old_extract_0528,"base init, T12 no-exceed, old extraction",17,2.0546875,0.4375
base_t12_no_exceed_old_extract_0528,"base init, T12 no-exceed, old extraction",18,1.740234375,0.42578125
base_t12_no_exceed_old_extract_0528,"base init, T12 no-exceed, old extraction",19,1.951171875,0.388671875
base_t12_no_exceed_old_extract_0528,"base init, T12 no-exceed, old extraction",20,1.765625,0.455078125
base_t12_no_exceed_old_extract_0528,"base init, T12 no-exceed, old extraction",21,1.9609375,0.478515625
base_t12_no_exceed_old_extract_0528,"base init, T12 no-exceed, old extraction",22,2.017578125,0.470703125
base_t12_no_exceed_old_extract_0528,"base init, T12 no-exceed, old extraction",23,2.212890625,0.482421875
base_t12_no_exceed_old_extract_0528,"base init, T12 no-exceed, old extraction",24,1.826171875,0.458984375
base_t12_no_exceed_old_extract_0528,"base init, T12 no-exceed, old extraction",25,1.724609375,0.458984375
base_t12_no_exceed_old_extract_0528,"base init, T12 no-exceed, old extraction",26,1.998046875,0.48828125
base_t12_no_exceed_old_extract_0528,"base init, T12 no-exceed, old extraction",27,1.861328125,0.45703125
base_t12_no_exceed_old_extract_0528,"base init, T12 no-exceed, old extraction",28,1.763671875,0.5078125
base_t12_no_exceed_old_extract_0528,"base init, T12 no-exceed, old extraction",29,1.90234375,0.423828125
base_t12_no_exceed_old_extract_0528,"base init, T12 no-exceed, old extraction",30,2.111328125,0.423828125
base_t12_no_exceed_old_extract_0528,"base init, T12 no-exceed, old extraction",31,2.064453125,0.3984375
base_t12_no_exceed_old_extract_0528,"base init, T12 no-exceed, old extraction",32,1.841796875,0.484375
base_t12_no_exceed_old_extract_0528,"base init, T12 no-exceed, old extraction",33,2.111328125,0.435546875
base_t12_no_exceed_old_extract_0528,"base init, T12 no-exceed, old extraction",34,1.9921875,0.48828125
base_t12_no_exceed_old_extract_0528,"base init, T12 no-exceed, old extraction",35,2.111328125,0.484375
base_t12_no_exceed_old_extract_0528,"base init, T12 no-exceed, old extraction",36,1.970703125,0.498046875
base_t12_no_exceed_old_extract_0528,"base init, T12 no-exceed, old extraction",37,1.890625,0.4453125
base_t12_no_exceed_old_extract_0528,"base init, T12 no-exceed, old extraction",38,2.126953125,0.392578125
base_t12_no_exceed_old_extract_0528,"base init, T12 no-exceed, old extraction",39,2.115234375,0.458984375
base_t12_no_exceed_old_extract_0528,"base init, T12 no-exceed, old extraction",40,1.927734375,0.505859375
base_t12_no_exceed_old_extract_0528,"base init, T12 no-exceed, old extraction",41,2.1328125,0.478515625
base_t12_no_exceed_old_extract_0528,"base init, T12 no-exceed, old extraction",42,1.994140625,0.4140625
base_t12_no_exceed_old_extract_0528,"base init, T12 no-exceed, old extraction",43,1.80078125,0.482421875
base_t12_no_exceed_old_extract_0528,"base init, T12 no-exceed, old extraction",44,1.82421875,0.470703125
base_t12_no_exceed_old_extract_0528,"base init, T12 no-exceed, old extraction",45,1.802734375,0.5234375
base_t12_no_exceed_old_extract_0528,"base init, T12 no-exceed, old extraction",46,2.10546875,0.404296875
base_t12_no_exceed_old_extract_0528,"base init, T12 no-exceed, old extraction",47,2.1953125,0.453125
base_t12_no_exceed_old_extract_0528,"base init, T12 no-exceed, old extraction",48,2.216796875,0.48046875
base_t12_no_exceed_old_extract_0528,"base init, T12 no-exceed, old extraction",49,1.791015625,0.46484375
base_t12_no_exceed_old_extract_0528,"base init, T12 no-exceed, old extraction",50,2.265625,0.4453125
base_t12_no_exceed_old_extract_0528,"base init, T12 no-exceed, old extraction",51,2.072265625,0.48046875
base_t12_no_exceed_old_extract_0528,"base init, T12 no-exceed, old extraction",52,2.076171875,0.4296875
base_t12_no_exceed_old_extract_0528,"base init, T12 no-exceed, old extraction",53,2.099609375,0.380859375
base_t12_no_exceed_old_extract_0528,"base init, T12 no-exceed, old extraction",54,1.9140625,0.509765625
base_t12_no_exceed_old_extract_0528,"base init, T12 no-exceed, old extraction",55,2.140625,0.43359375
base_t12_no_exceed_old_extract_0528,"base init, T12 no-exceed, old extraction",56,2.265625,0.462890625
base_t12_no_exceed_old_extract_0528,"base init, T12 no-exceed, old extraction",57,2.169921875,0.453125
base_t12_no_exceed_old_extract_0528,"base init, T12 no-exceed, old extraction",58,2.177734375,0.3984375
base_t12_no_exceed_old_extract_0528,"base init, T12 no-exceed, old extraction",59,2.076171875,0.419921875
base_t12_no_exceed_old_extract_0528,"base init, T12 no-exceed, old extraction",60,2.30078125,0.486328125
base_t12_no_exceed_old_extract_0528,"base init, T12 no-exceed, old extraction",61,2.28125,0.40625
base_t12_no_exceed_old_extract_0528,"base init, T12 no-exceed, old extraction",62,2.36328125,0.421875
base_t12_no_exceed_old_extract_0528,"base init, T12 no-exceed, old extraction",63,2.39453125,0.466796875
base_t12_no_exceed_old_extract_0528,"base init, T12 no-exceed, old extraction",64,2.4375,0.41015625
base_t12_no_exceed_old_extract_0528,"base init, T12 no-exceed, old extraction",65,2.283203125,0.423828125
base_t12_no_exceed_old_extract_0528,"base init, T12 no-exceed, old extraction",66,2.18359375,0.5390625
base_t12_no_exceed_old_extract_0528,"base init, T12 no-exceed, old extraction",67,2.27734375,0.494140625
base_t12_no_exceed_old_extract_0528,"base init, T12 no-exceed, old extraction",68,2.23046875,0.458984375
base_t12_no_exceed_old_extract_0528,"base init, T12 no-exceed, old extraction",69,2.369140625,0.447265625
base_t12_no_exceed_old_extract_0528,"base init, T12 no-exceed, old extraction",70,2.150390625,0.44140625
base_t12_no_exceed_old_extract_0528,"base init, T12 no-exceed, old extraction",71,2.423828125,0.4921875
base_t12_no_exceed_old_extract_0528,"base init, T12 no-exceed, old extraction",72,2.41015625,0.447265625
base_t12_no_exceed_old_extract_0528,"base init, T12 no-exceed, old extraction",73,2.408203125,0.486328125
base_t12_no_exceed_old_extract_0528,"base init, T12 no-exceed, old extraction",74,2.05859375,0.45703125
base_t12_no_exceed_old_extract_0528,"base init, T12 no-exceed, old extraction",75,2.26171875,0.486328125
base_t12_no_exceed_old_extract_0528,"base init, T12 no-exceed, old extraction",76,2.458984375,0.45703125
base_t12_no_exceed_old_extract_0528,"base init, T12 no-exceed, old extraction",77,2.115234375,0.455078125
base_t12_no_exceed_old_extract_0528,"base init, T12 no-exceed, old extraction",78,2.228515625,0.46484375
base_t12_no_exceed_old_extract_0528,"base init, T12 no-exceed, old extraction",79,2.435546875,0.40234375
base_t12_no_exceed_old_extract_0528,"base init, T12 no-exceed, old extraction",80,2.669921875,0.419921875
base_t12_ignore_exceed_0527,"base init, T12 ignore-exceed",1,1.763671875,0.486328125
base_t12_ignore_exceed_0527,"base init, T12 ignore-exceed",2,1.767578125,0.51171875
base_t12_ignore_exceed_0527,"base init, T12 ignore-exceed",3,1.892578125,0.44921875
base_t12_ignore_exceed_0527,"base init, T12 ignore-exceed",4,2.052734375,0.44140625
base_t12_ignore_exceed_0527,"base init, T12 ignore-exceed",5,1.91015625,0.439453125
base_t12_ignore_exceed_0527,"base init, T12 ignore-exceed",6,1.96875,0.470703125
base_t12_ignore_exceed_0527,"base init, T12 ignore-exceed",7,2.123046875,0.4296875
base_t12_ignore_exceed_0527,"base init, T12 ignore-exceed",8,1.83984375,0.44140625
base_t12_ignore_exceed_0527,"base init, T12 ignore-exceed",9,2.0078125,0.44921875
base_t12_ignore_exceed_0527,"base init, T12 ignore-exceed",10,2.109375,0.392578125
base_t12_ignore_exceed_0527,"base init, T12 ignore-exceed",11,1.779296875,0.494140625
base_t12_ignore_exceed_0527,"base init, T12 ignore-exceed",12,1.802734375,0.439453125
base_t12_ignore_exceed_0527,"base init, T12 ignore-exceed",13,1.94140625,0.45703125
base_t12_ignore_exceed_0527,"base init, T12 ignore-exceed",14,2.169921875,0.419921875
base_t12_ignore_exceed_0527,"base init, T12 ignore-exceed",15,1.775390625,0.4296875
base_t12_ignore_exceed_0527,"base init, T12 ignore-exceed",16,1.939453125,0.470703125
base_t12_ignore_exceed_0527,"base init, T12 ignore-exceed",17,1.767578125,0.478515625
base_t12_ignore_exceed_0527,"base init, T12 ignore-exceed",18,1.876953125,0.458984375
base_t12_ignore_exceed_0527,"base init, T12 ignore-exceed",19,1.837890625,0.41015625
base_t12_ignore_exceed_0527,"base init, T12 ignore-exceed",20,2.046875,0.4375
base_t12_ignore_exceed_0527,"base init, T12 ignore-exceed",21,1.96875,0.4375
base_t12_ignore_exceed_0527,"base init, T12 ignore-exceed",22,1.970703125,0.474609375
base_t12_ignore_exceed_0527,"base init, T12 ignore-exceed",23,1.853515625,0.51171875
base_t12_ignore_exceed_0527,"base init, T12 ignore-exceed",24,1.67578125,0.474609375
base_t12_ignore_exceed_0527,"base init, T12 ignore-exceed",25,1.69140625,0.46484375
base_t12_ignore_exceed_0527,"base init, T12 ignore-exceed",26,1.716796875,0.412109375
base_t12_ignore_exceed_0527,"base init, T12 ignore-exceed",27,1.900390625,0.482421875
base_t12_ignore_exceed_0527,"base init, T12 ignore-exceed",28,1.845703125,0.53125
base_t12_ignore_exceed_0527,"base init, T12 ignore-exceed",29,1.822265625,0.43359375
base_t12_ignore_exceed_0527,"base init, T12 ignore-exceed",30,2.228515625,0.44921875
base_t12_ignore_exceed_0527,"base init, T12 ignore-exceed",31,1.998046875,0.404296875
base_t12_ignore_exceed_0527,"base init, T12 ignore-exceed",32,2.162109375,0.451171875
base_t12_ignore_exceed_0527,"base init, T12 ignore-exceed",33,2.056640625,0.46484375
base_t12_ignore_exceed_0527,"base init, T12 ignore-exceed",34,2.056640625,0.46484375
base_t12_ignore_exceed_0527,"base init, T12 ignore-exceed",35,2.0234375,0.4609375
base_t12_ignore_exceed_0527,"base init, T12 ignore-exceed",36,1.8359375,0.435546875
base_t12_ignore_exceed_0527,"base init, T12 ignore-exceed",37,1.9453125,0.462890625
base_t12_ignore_exceed_0527,"base init, T12 ignore-exceed",38,1.97265625,0.423828125
base_t12_ignore_exceed_0527,"base init, T12 ignore-exceed",39,1.98046875,0.4296875
base_t12_ignore_exceed_0527,"base init, T12 ignore-exceed",40,2.01953125,0.466796875
base_t12_ignore_exceed_0527,"base init, T12 ignore-exceed",41,2.080078125,0.458984375
base_t12_ignore_exceed_0527,"base init, T12 ignore-exceed",42,1.900390625,0.45703125
base_t12_ignore_exceed_0527,"base init, T12 ignore-exceed",43,2.0234375,0.482421875
base_t12_ignore_exceed_0527,"base init, T12 ignore-exceed",44,1.83203125,0.44140625
base_t12_ignore_exceed_0527,"base init, T12 ignore-exceed",45,1.916015625,0.46875
base_t12_ignore_exceed_0527,"base init, T12 ignore-exceed",46,2.17578125,0.44921875
base_t12_ignore_exceed_0527,"base init, T12 ignore-exceed",47,2.27734375,0.44921875
base_t12_ignore_exceed_0527,"base init, T12 ignore-exceed",48,2.2265625,0.431640625
base_t12_ignore_exceed_0527,"base init, T12 ignore-exceed",49,1.953125,0.447265625
base_t12_ignore_exceed_0527,"base init, T12 ignore-exceed",50,1.931640625,0.443359375
base_t12_ignore_exceed_0527,"base init, T12 ignore-exceed",51,2.169921875,0.439453125
base_t12_ignore_exceed_0527,"base init, T12 ignore-exceed",52,2.15234375,0.4609375
base_t12_ignore_exceed_0527,"base init, T12 ignore-exceed",53,2.232421875,0.4375
base_t12_ignore_exceed_0527,"base init, T12 ignore-exceed",54,2.15234375,0.451171875
base_t12_ignore_exceed_0527,"base init, T12 ignore-exceed",55,1.96484375,0.453125
base_t12_ignore_exceed_0527,"base init, T12 ignore-exceed",56,2.0234375,0.513671875
base_t12_ignore_exceed_0527,"base init, T12 ignore-exceed",57,2.537109375,0.45703125
base_t12_ignore_exceed_0527,"base init, T12 ignore-exceed",58,2.103515625,0.4609375
base_t12_ignore_exceed_0527,"base init, T12 ignore-exceed",59,2.37890625,0.435546875
base_t12_ignore_exceed_0527,"base init, T12 ignore-exceed",60,2.21484375,0.4609375
base_t12_ignore_exceed_0527,"base init, T12 ignore-exceed",61,2.39453125,0.41796875
base_t12_ignore_exceed_0527,"base init, T12 ignore-exceed",62,2.396484375,0.4375
base_t12_ignore_exceed_0527,"base init, T12 ignore-exceed",63,2.4765625,0.451171875
base_t12_ignore_exceed_0527,"base init, T12 ignore-exceed",64,2.3046875,0.455078125
base_t12_ignore_exceed_0527,"base init, T12 ignore-exceed",65,2.291015625,0.4296875
base_t12_ignore_exceed_0527,"base init, T12 ignore-exceed",66,2.236328125,0.470703125
base_t12_ignore_exceed_0527,"base init, T12 ignore-exceed",67,2.01953125,0.482421875
base_t12_ignore_exceed_0527,"base init, T12 ignore-exceed",68,2.1953125,0.484375
base_t12_ignore_exceed_0527,"base init, T12 ignore-exceed",69,2.009765625,0.4609375
base_t12_ignore_exceed_0527,"base init, T12 ignore-exceed",70,2.3125,0.439453125
base_t12_ignore_exceed_0527,"base init, T12 ignore-exceed",71,2.3359375,0.4140625
base_t12_ignore_exceed_0527,"base init, T12 ignore-exceed",72,2.421875,0.458984375
base_t12_ignore_exceed_0527,"base init, T12 ignore-exceed",73,2.224609375,0.443359375
base_t12_ignore_exceed_0527,"base init, T12 ignore-exceed",74,2.375,0.419921875
base_t12_ignore_exceed_0527,"base init, T12 ignore-exceed",75,2.357421875,0.41015625
base_t12_ignore_exceed_0527,"base init, T12 ignore-exceed",76,2.189453125,0.51171875
base_t12_ignore_exceed_0527,"base init, T12 ignore-exceed",77,2.283203125,0.482421875
base_t12_ignore_exceed_0527,"base init, T12 ignore-exceed",78,2.029296875,0.388671875
base_t12_ignore_exceed_0527,"base init, T12 ignore-exceed",79,2.564453125,0.41796875
base_t12_ignore_exceed_0527,"base init, T12 ignore-exceed",80,2.404296875,0.400390625
base_t12_ignore_exceed_0527,"base init, T12 ignore-exceed",81,2.7265625,0.41796875
base_t12_ignore_exceed_0527,"base init, T12 ignore-exceed",82,2.861328125,0.48828125
base_t12_ignore_exceed_0527,"base init, T12 ignore-exceed",83,2.275390625,0.474609375
base_t12_ignore_exceed_0527,"base init, T12 ignore-exceed",84,2.7109375,0.421875
base_t12_ignore_exceed_0527,"base init, T12 ignore-exceed",85,2.345703125,0.431640625
base_t12_ignore_exceed_0527,"base init, T12 ignore-exceed",86,2.71875,0.458984375
base_t12_ignore_exceed_0527,"base init, T12 ignore-exceed",87,3.103515625,0.404296875
base_t12_ignore_exceed_0527,"base init, T12 ignore-exceed",88,2.578125,0.486328125
base_t12_ignore_exceed_0527,"base init, T12 ignore-exceed",89,2.943359375,0.455078125
base_t12_ignore_exceed_0527,"base init, T12 ignore-exceed",90,2.826171875,0.44921875
base_t12_ignore_exceed_0527,"base init, T12 ignore-exceed",91,3.19921875,0.470703125
base_t12_ignore_exceed_0527,"base init, T12 ignore-exceed",92,3.091796875,0.4140625
base_t12_ignore_exceed_0527,"base init, T12 ignore-exceed",93,3.310546875,0.486328125
base_t12_ignore_exceed_0527,"base init, T12 ignore-exceed",94,3.337890625,0.408203125
base_t12_ignore_exceed_0527,"base init, T12 ignore-exceed",95,3.38671875,0.451171875
base_t12_ignore_exceed_0527,"base init, T12 ignore-exceed",96,3.833984375,0.396484375
base_t12_ignore_exceed_0527,"base init, T12 ignore-exceed",97,3.486328125,0.4609375
base_t12_ignore_exceed_0527,"base init, T12 ignore-exceed",98,3.50390625,0.439453125
base_t12_ignore_exceed_0527,"base init, T12 ignore-exceed",99,3.8515625,0.43359375
base_t12_ignore_exceed_0527,"base init, T12 ignore-exceed",100,3.775390625,0.361328125
base_t6_ignore_exceed_0526,"base init, T6 ignore-exceed",1,1.69921875,0.494140625
base_t6_ignore_exceed_0526,"base init, T6 ignore-exceed",2,1.67578125,0.5
base_t6_ignore_exceed_0526,"base init, T6 ignore-exceed",3,1.845703125,0.462890625
base_t6_ignore_exceed_0526,"base init, T6 ignore-exceed",4,1.970703125,0.453125
base_t6_ignore_exceed_0526,"base init, T6 ignore-exceed",5,1.87109375,0.43359375
base_t6_ignore_exceed_0526,"base init, T6 ignore-exceed",6,1.751953125,0.4453125
base_t6_ignore_exceed_0526,"base init, T6 ignore-exceed",7,2.166015625,0.41015625
base_t6_ignore_exceed_0526,"base init, T6 ignore-exceed",8,1.787109375,0.44921875
base_t6_ignore_exceed_0526,"base init, T6 ignore-exceed",9,1.958984375,0.478515625
base_t6_ignore_exceed_0526,"base init, T6 ignore-exceed",10,1.865234375,0.388671875
base_t6_ignore_exceed_0526,"base init, T6 ignore-exceed",11,1.888671875,0.4375
base_t6_ignore_exceed_0526,"base init, T6 ignore-exceed",12,1.748046875,0.419921875
base_t6_ignore_exceed_0526,"base init, T6 ignore-exceed",13,1.919921875,0.44140625
base_t6_ignore_exceed_0526,"base init, T6 ignore-exceed",14,1.890625,0.4140625
base_t6_ignore_exceed_0526,"base init, T6 ignore-exceed",15,1.857421875,0.431640625
base_t6_ignore_exceed_0526,"base init, T6 ignore-exceed",16,1.736328125,0.474609375
base_t6_ignore_exceed_0526,"base init, T6 ignore-exceed",17,1.9375,0.4453125
base_t6_ignore_exceed_0526,"base init, T6 ignore-exceed",18,1.865234375,0.537109375
base_t6_ignore_exceed_0526,"base init, T6 ignore-exceed",19,1.71484375,0.44921875
base_t6_ignore_exceed_0526,"base init, T6 ignore-exceed",20,1.8828125,0.451171875
base_t6_ignore_exceed_0526,"base init, T6 ignore-exceed",21,1.91015625,0.40234375
base_t6_ignore_exceed_0526,"base init, T6 ignore-exceed",22,1.978515625,0.4765625
base_t6_ignore_exceed_0526,"base init, T6 ignore-exceed",23,2.03515625,0.4765625
base_t6_ignore_exceed_0526,"base init, T6 ignore-exceed",24,1.6171875,0.544921875
base_t6_ignore_exceed_0526,"base init, T6 ignore-exceed",25,1.654296875,0.486328125
base_t6_ignore_exceed_0526,"base init, T6 ignore-exceed",26,1.734375,0.458984375
base_t6_ignore_exceed_0526,"base init, T6 ignore-exceed",27,2.052734375,0.455078125
base_t6_ignore_exceed_0526,"base init, T6 ignore-exceed",28,1.806640625,0.4140625
base_t6_ignore_exceed_0526,"base init, T6 ignore-exceed",29,2.095703125,0.37890625
base_t6_ignore_exceed_0526,"base init, T6 ignore-exceed",30,1.908203125,0.453125
base_t6_ignore_exceed_0526,"base init, T6 ignore-exceed",31,1.806640625,0.435546875
base_t6_ignore_exceed_0526,"base init, T6 ignore-exceed",32,2.05078125,0.451171875
base_t6_ignore_exceed_0526,"base init, T6 ignore-exceed",33,1.83984375,0.49609375
base_t6_ignore_exceed_0526,"base init, T6 ignore-exceed",34,2.158203125,0.384765625
base_t6_ignore_exceed_0526,"base init, T6 ignore-exceed",35,1.74609375,0.5
base_t6_ignore_exceed_0526,"base init, T6 ignore-exceed",36,1.6796875,0.466796875
base_t6_ignore_exceed_0526,"base init, T6 ignore-exceed",37,1.98046875,0.455078125
base_t6_ignore_exceed_0526,"base init, T6 ignore-exceed",38,1.779296875,0.439453125
base_t6_ignore_exceed_0526,"base init, T6 ignore-exceed",39,1.93359375,0.447265625
base_t6_ignore_exceed_0526,"base init, T6 ignore-exceed",40,2.076171875,0.50390625
base_t6_ignore_exceed_0526,"base init, T6 ignore-exceed",41,2.146484375,0.390625
base_t6_ignore_exceed_0526,"base init, T6 ignore-exceed",42,1.80078125,0.455078125
base_t6_ignore_exceed_0526,"base init, T6 ignore-exceed",43,1.87109375,0.470703125
base_t6_ignore_exceed_0526,"base init, T6 ignore-exceed",44,1.767578125,0.544921875
base_t6_ignore_exceed_0526,"base init, T6 ignore-exceed",45,2.056640625,0.412109375
base_t6_ignore_exceed_0526,"base init, T6 ignore-exceed",46,1.95703125,0.474609375
base_t6_ignore_exceed_0526,"base init, T6 ignore-exceed",47,1.884765625,0.5
base_t6_ignore_exceed_0526,"base init, T6 ignore-exceed",48,1.857421875,0.455078125
base_t6_ignore_exceed_0526,"base init, T6 ignore-exceed",49,1.8828125,0.396484375
base_t6_ignore_exceed_0526,"base init, T6 ignore-exceed",50,1.9609375,0.470703125
base_t6_ignore_exceed_0526,"base init, T6 ignore-exceed",51,2.099609375,0.38671875
base_t6_ignore_exceed_0526,"base init, T6 ignore-exceed",52,1.982421875,0.41796875
base_t6_ignore_exceed_0526,"base init, T6 ignore-exceed",53,2.03125,0.474609375
base_t6_ignore_exceed_0526,"base init, T6 ignore-exceed",54,2.02734375,0.462890625
base_t6_ignore_exceed_0526,"base init, T6 ignore-exceed",55,2.025390625,0.4375
base_t6_ignore_exceed_0526,"base init, T6 ignore-exceed",56,2.0078125,0.48828125
base_t6_ignore_exceed_0526,"base init, T6 ignore-exceed",57,1.951171875,0.4296875
base_t6_ignore_exceed_0526,"base init, T6 ignore-exceed",58,2.123046875,0.45703125
base_t6_ignore_exceed_0526,"base init, T6 ignore-exceed",59,2.07421875,0.478515625
base_t6_ignore_exceed_0526,"base init, T6 ignore-exceed",60,2.234375,0.43359375
base_t6_ignore_exceed_0526,"base init, T6 ignore-exceed",61,2.025390625,0.443359375
base_t6_ignore_exceed_0526,"base init, T6 ignore-exceed",62,2.099609375,0.498046875
base_t6_ignore_exceed_0526,"base init, T6 ignore-exceed",63,2.240234375,0.3671875
base_t6_ignore_exceed_0526,"base init, T6 ignore-exceed",64,2.1171875,0.48046875
base_t6_ignore_exceed_0526,"base init, T6 ignore-exceed",65,2.166015625,0.517578125
base_t6_ignore_exceed_0526,"base init, T6 ignore-exceed",66,2.1484375,0.453125
base_t6_ignore_exceed_0526,"base init, T6 ignore-exceed",67,1.98046875,0.48046875
base_t6_ignore_exceed_0526,"base init, T6 ignore-exceed",68,2.25390625,0.515625
base_t6_ignore_exceed_0526,"base init, T6 ignore-exceed",69,2.150390625,0.47265625
base_t6_ignore_exceed_0526,"base init, T6 ignore-exceed",70,1.98828125,0.45703125
base_t6_ignore_exceed_0526,"base init, T6 ignore-exceed",71,2.244140625,0.494140625
base_t6_ignore_exceed_0526,"base init, T6 ignore-exceed",72,2.13671875,0.427734375
base_t6_ignore_exceed_0526,"base init, T6 ignore-exceed",73,2.291015625,0.42578125
base_t6_ignore_exceed_0526,"base init, T6 ignore-exceed",74,2.205078125,0.4296875
base_t6_ignore_exceed_0526,"base init, T6 ignore-exceed",75,2.326171875,0.3984375
base_t6_ignore_exceed_0526,"base init, T6 ignore-exceed",76,2.203125,0.45703125
base_t6_ignore_exceed_0526,"base init, T6 ignore-exceed",77,2.42578125,0.396484375
base_t6_ignore_exceed_0526,"base init, T6 ignore-exceed",78,2.248046875,0.419921875
base_t6_ignore_exceed_0526,"base init, T6 ignore-exceed",79,2.1796875,0.44140625
base_t6_ignore_exceed_0526,"base init, T6 ignore-exceed",80,2.29296875,0.419921875
base_t6_ignore_exceed_0526,"base init, T6 ignore-exceed",81,2.2890625,0.419921875
base_t6_ignore_exceed_0526,"base init, T6 ignore-exceed",82,2.259765625,0.443359375
base_t6_ignore_exceed_0526,"base init, T6 ignore-exceed",83,2.3984375,0.435546875
base_t6_ignore_exceed_0526,"base init, T6 ignore-exceed",84,2.146484375,0.443359375
base_t6_ignore_exceed_0526,"base init, T6 ignore-exceed",85,2.357421875,0.45703125
base_t6_ignore_exceed_0526,"base init, T6 ignore-exceed",86,2.17578125,0.474609375
base_t6_ignore_exceed_0526,"base init, T6 ignore-exceed",87,2.12890625,0.47265625
base_t6_ignore_exceed_0526,"base init, T6 ignore-exceed",88,2.4375,0.3984375
base_t6_ignore_exceed_0526,"base init, T6 ignore-exceed",89,2.421875,0.453125
base_t6_ignore_exceed_0526,"base init, T6 ignore-exceed",90,2.384765625,0.4609375
base_t6_ignore_exceed_0526,"base init, T6 ignore-exceed",91,2.650390625,0.41015625
base_t6_ignore_exceed_0526,"base init, T6 ignore-exceed",92,2.1953125,0.466796875
base_t6_ignore_exceed_0526,"base init, T6 ignore-exceed",93,2.51953125,0.40625
base_t6_ignore_exceed_0526,"base init, T6 ignore-exceed",94,2.5703125,0.388671875
base_t6_ignore_exceed_0526,"base init, T6 ignore-exceed",95,2.53515625,0.41015625
base_t6_ignore_exceed_0526,"base init, T6 ignore-exceed",96,2.4453125,0.40625
base_t6_ignore_exceed_0526,"base init, T6 ignore-exceed",97,2.48828125,0.412109375
base_t6_ignore_exceed_0526,"base init, T6 ignore-exceed",98,2.966796875,0.33984375
base_t6_ignore_exceed_0526,"base init, T6 ignore-exceed",99,2.66796875,0.400390625
base_t6_ignore_exceed_0526,"base init, T6 ignore-exceed",100,2.71484375,0.416015625
base_t6_ignore_exceed_0526,"base init, T6 ignore-exceed",101,2.451171875,0.45703125
base_t6_ignore_exceed_0526,"base init, T6 ignore-exceed",102,2.796875,0.341796875
base_t6_ignore_exceed_0526,"base init, T6 ignore-exceed",103,2.625,0.36328125
base_t6_ignore_exceed_0526,"base init, T6 ignore-exceed",104,2.703125,0.34375
base_t6_ignore_exceed_0526,"base init, T6 ignore-exceed",105,2.869140625,0.337890625
base_t6_ignore_exceed_0526,"base init, T6 ignore-exceed",106,2.9765625,0.357421875
base_t6_ignore_exceed_0526,"base init, T6 ignore-exceed",107,2.67578125,0.4140625
base_t6_ignore_exceed_0526,"base init, T6 ignore-exceed",108,2.57421875,0.39453125
base_t6_ignore_exceed_0526,"base init, T6 ignore-exceed",109,2.8984375,0.3359375
base_t6_ignore_exceed_0526,"base init, T6 ignore-exceed",110,2.56640625,0.4375
base_t6_ignore_exceed_0526,"base init, T6 ignore-exceed",111,2.708984375,0.349609375
base_t6_ignore_exceed_0526,"base init, T6 ignore-exceed",112,2.75,0.392578125
base_t6_ignore_exceed_0526,"base init, T6 ignore-exceed",113,2.7421875,0.376953125
base_t6_ignore_exceed_0526,"base init, T6 ignore-exceed",114,2.798828125,0.369140625
base_t6_ignore_exceed_0526,"base init, T6 ignore-exceed",115,2.814453125,0.369140625
base_t6_ignore_exceed_0526,"base init, T6 ignore-exceed",116,2.587890625,0.30859375
base_t6_ignore_exceed_0526,"base init, T6 ignore-exceed",117,2.900390625,0.326171875
base_t6_ignore_exceed_0526,"base init, T6 ignore-exceed",118,2.517578125,0.365234375
base_t6_ignore_exceed_0526,"base init, T6 ignore-exceed",119,2.685546875,0.35546875
base_t6_ignore_exceed_0526,"base init, T6 ignore-exceed",120,2.71484375,0.287109375
base_t6_ignore_exceed_0526,"base init, T6 ignore-exceed",121,2.828125,0.314453125
base_t6_ignore_exceed_0526,"base init, T6 ignore-exceed",122,2.208984375,0.38671875
base_t6_ignore_exceed_0526,"base init, T6 ignore-exceed",123,2.5546875,0.341796875
base_t6_ignore_exceed_0526,"base init, T6 ignore-exceed",124,2.931640625,0.328125
base_t6_ignore_exceed_0526,"base init, T6 ignore-exceed",125,2.46484375,0.33984375
base_t6_ignore_exceed_0526,"base init, T6 ignore-exceed",126,2.126953125,0.369140625
base_t6_ignore_exceed_0526,"base init, T6 ignore-exceed",127,2.0859375,0.349609375
base_t6_ignore_exceed_0526,"base init, T6 ignore-exceed",128,2.2734375,0.353515625
base_t6_ignore_exceed_0526,"base init, T6 ignore-exceed",129,2.048828125,0.318359375
base_t6_ignore_exceed_0526,"base init, T6 ignore-exceed",130,2.015625,0.361328125
base_t6_ignore_exceed_0526,"base init, T6 ignore-exceed",131,1.84375,0.392578125
base_t6_ignore_exceed_0526,"base init, T6 ignore-exceed",132,1.802734375,0.361328125
base_t6_ignore_exceed_0526,"base init, T6 ignore-exceed",133,1.583984375,0.412109375
base_t6_ignore_exceed_0526,"base init, T6 ignore-exceed",134,1.962890625,0.318359375
base_t6_ignore_exceed_0526,"base init, T6 ignore-exceed",135,1.96875,0.31640625
base_t6_ignore_exceed_0526,"base init, T6 ignore-exceed",136,1.720703125,0.373046875
base_t6_ignore_exceed_0526,"base init, T6 ignore-exceed",137,1.814453125,0.3515625
base_t6_ignore_exceed_0526,"base init, T6 ignore-exceed",138,1.94921875,0.365234375
base_t6_ignore_exceed_0526,"base init, T6 ignore-exceed",139,2.048828125,0.35546875
base_t6_ignore_exceed_0526,"base init, T6 ignore-exceed",140,1.83203125,0.34765625
base_t6_ignore_exceed_0526,"base init, T6 ignore-exceed",141,1.44921875,0.408203125
base_t6_ignore_exceed_0526,"base init, T6 ignore-exceed",142,1.5390625,0.416015625
base_t6_ignore_exceed_0526,"base init, T6 ignore-exceed",143,1.75,0.33984375
base_t6_ignore_exceed_0526,"base init, T6 ignore-exceed",144,1.3828125,0.365234375
base_t6_ignore_exceed_0526,"base init, T6 ignore-exceed",145,1.681640625,0.357421875
base_t6_ignore_exceed_0526,"base init, T6 ignore-exceed",146,1.6875,0.337890625
base_t6_ignore_exceed_0526,"base init, T6 ignore-exceed",147,1.455078125,0.36328125
base_t6_ignore_exceed_0526,"base init, T6 ignore-exceed",148,1.34375,0.375
base_t6_ignore_exceed_0526,"base init, T6 ignore-exceed",149,1.6328125,0.39453125
base_t6_ignore_exceed_0526,"base init, T6 ignore-exceed",150,1.634765625,0.34765625
base_t6_ignore_exceed_0526,"base init, T6 ignore-exceed",151,1.390625,0.3828125
base_t6_ignore_exceed_0526,"base init, T6 ignore-exceed",152,1.2578125,0.369140625
base_t6_ignore_exceed_0526,"base init, T6 ignore-exceed",153,1.529296875,0.412109375
base_t6_ignore_exceed_0526,"base init, T6 ignore-exceed",154,1.58984375,0.37890625
base_t6_ignore_exceed_0526,"base init, T6 ignore-exceed",155,1.53515625,0.380859375
base_t6_ignore_exceed_0526,"base init, T6 ignore-exceed",156,1.599609375,0.404296875
base_t6_ignore_exceed_0526,"base init, T6 ignore-exceed",157,1.185546875,0.44921875
base_t6_ignore_exceed_0526,"base init, T6 ignore-exceed",158,1.458984375,0.357421875
base_t6_ignore_exceed_0526,"base init, T6 ignore-exceed",159,1.365234375,0.3671875
